Function,Total Number,N,Execution Time
EC2,18800,10,0.175715
EC2,18800,20,0.186472
EC2,18800,30,0.200689
EC2,18800,40,0.216991
EC2,18800,50,0.236783
EC2,18800,60,0.259342
EC2,18800,70,0.281641
EC2,18800,80,0.309306
EC2,18800,90,0.338947
EC2,18800,100,0.371068
EC2,18800,110,0.406278
EC2,18800,120,0.443013
EC2,18800,130,0.482168
EC2,18800,140,0.524468
EC2,18800,150,0.566867
EC2,18800,160,0.612734
EC2,18800,170,0.660966
EC2,18800,180,0.711568
EC2,18800,190,0.763893
EC2,18800,200,0.822034
EC2,18800,210,0.874217
EC2,18800,220,0.932286
EC2,18800,230,0.994085
EC2,18800,240,1.057532
EC2,18800,250,1.120822
EC2,18800,260,1.187883
EC2,18800,270,1.256796
EC2,18800,280,1.328313
EC2,18800,290,1.402108
EC2,18800,300,1.475307
EC2,18800,310,1.558098
EC2,18800,320,1.628684
EC2,18800,330,1.707347
EC2,18800,340,1.789305
EC2,18800,350,1.872819
EC2,18800,360,1.958757
EC2,18800,370,2.050680
EC2,18800,380,2.133571
EC2,18800,390,2.223162
EC2,18800,400,2.326851
EC2,18800,410,2.412682
EC2,18800,420,2.503261
EC2,18800,430,2.600219
EC2,18800,440,2.751593
EC2,18800,450,2.797693
EC2,18800,460,2.898741
EC2,18800,470,3.002184
EC2,18800,480,3.107329
EC2,18800,490,3.213067
EC2,18800,500,3.320176
EC2,18800,510,3.428180
EC2,18800,520,3.539280
EC2,18800,530,3.651512
EC2,18800,540,3.767206
EC2,18800,550,3.882454
EC2,18800,560,4.000183
EC2,18800,570,4.118264
EC2,18800,580,4.238542
EC2,18800,590,4.359670
EC2,18800,600,4.483024
EC2,18800,610,4.607881
EC2,18800,620,4.734552
EC2,18800,630,4.860861
EC2,18800,640,4.990491
EC2,18800,650,5.118318
EC2,18800,660,5.250022
EC2,18800,670,5.383318
EC2,18800,680,5.530858
EC2,18800,690,5.653704
EC2,18800,700,5.790727
EC2,18800,710,5.928251
EC2,18800,720,6.067437
EC2,18800,730,6.209580
EC2,18800,740,6.352549
EC2,18800,750,6.498208
EC2,18800,760,6.641251
EC2,18800,770,6.799804
EC2,18800,780,6.937888
EC2,18800,790,7.088330
EC2,18800,800,7.240283
EC2,18800,810,7.392527
EC2,18800,820,7.543354
EC2,18800,830,7.878771
EC2,18800,840,7.849905
EC2,18800,850,8.017863
EC2,18800,860,8.254395
EC2,18800,870,8.330038
EC2,18800,880,8.486210
EC2,18800,890,8.646980
EC2,18800,900,8.807775
EC2,18800,910,8.970678
EC2,18800,920,9.149970
EC2,18800,930,9.402254
EC2,18800,940,10.006187
EC2,18800,950,9.634612
EC2,18800,960,9.802445
EC2,18800,970,9.969897
EC2,18800,980,10.155159
EC2,18800,990,10.329564
EC2,18800,1000,10.486594
Main,18800,10,0.798798
Main,18800,20,0.802686
Main,18800,30,0.806325
Main,18800,40,0.802557
Main,18800,50,0.803897
Main,18800,60,0.807478
Main,18800,70,0.807332
Main,18800,80,0.813523
Main,18800,90,0.807019
Main,18800,100,0.811973
Main,18800,110,0.811922
Main,18800,120,0.809823
Main,18800,130,0.811893
Main,18800,140,0.810956
Main,18800,150,0.815833
Main,18800,160,0.811367
Main,18800,170,0.808739
Main,18800,180,0.815339
Main,18800,190,0.815799
Main,18800,200,0.816820
Main,18800,210,0.817927
Main,18800,220,0.814882
Main,18800,230,0.818334
Main,18800,240,0.818084
Main,18800,250,0.817124
Main,18800,260,0.817568
Main,18800,270,0.817887
Main,18800,280,0.825283
Main,18800,290,0.819462
Main,18800,300,0.823988
Main,18800,310,0.820337
Main,18800,320,0.822925
Main,18800,330,0.830638
Main,18800,340,0.828305
Main,18800,350,0.828114
Main,18800,360,0.826612
Main,18800,370,0.826895
Main,18800,380,0.831403
Main,18800,390,0.829759
Main,18800,400,0.825927
Main,18800,410,0.833254
Main,18800,420,0.827059
Main,18800,430,0.831688
Main,18800,440,0.836024
Main,18800,450,0.831740
Main,18800,460,0.831710
Main,18800,470,0.834812
Main,18800,480,0.833021
Main,18800,490,0.836581
Main,18800,500,0.839216
Main,18800,510,0.835338
Main,18800,520,0.840223
Main,18800,530,0.833441
Main,18800,540,0.836852
Main,18800,550,0.836715
Main,18800,560,0.835102
Main,18800,570,0.836512
Main,18800,580,0.840041
Main,18800,590,0.840531
Main,18800,600,0.840142
Main,18800,610,0.843639
Main,18800,620,0.838973
Main,18800,630,0.843502
Main,18800,640,0.846781
Main,18800,650,0.853443
Main,18800,660,0.842413
Main,18800,670,0.845958
Main,18800,680,0.845338
Main,18800,690,0.842975
Main,18800,700,0.848348
Main,18800,710,0.846586
Main,18800,720,0.849619
Main,18800,730,0.843983
Main,18800,740,0.847942
Main,18800,750,0.854711
Main,18800,760,0.850158
Main,18800,770,0.847610
Main,18800,780,0.848543
Main,18800,790,0.847504
Main,18800,800,0.847902
Main,18800,810,0.853025
Main,18800,820,0.849481
Main,18800,830,0.856548
Main,18800,840,0.853145
Main,18800,850,0.854765
Main,18800,860,0.853636
Main,18800,870,0.855169
Main,18800,880,0.852760
Main,18800,890,0.857766
Main,18800,900,0.853056
Main,18800,910,0.856308
Main,18800,920,0.854684
Main,18800,930,0.859699
Main,18800,940,0.856200
Main,18800,950,0.855938
Main,18800,960,0.857315
Main,18800,970,0.858186
Main,18800,980,0.858133
Main,18800,990,0.858642
Main,18800,1000,0.857534
EC2,18900,10,0.177617
EC2,18900,20,0.188240
EC2,18900,30,0.202258
EC2,18900,40,0.219197
EC2,18900,50,0.238702
EC2,18900,60,0.261494
EC2,18900,70,0.283375
EC2,18900,80,0.310442
EC2,18900,90,0.339314
EC2,18900,100,0.370792
EC2,18900,110,0.416297
EC2,18900,120,0.441354
EC2,18900,130,0.480653
EC2,18900,140,0.522204
EC2,18900,150,0.565914
EC2,18900,160,0.611718
EC2,18900,170,0.659028
EC2,18900,180,0.710600
EC2,18900,190,0.764464
EC2,18900,200,0.819974
EC2,18900,210,0.876645
EC2,18900,220,0.936810
EC2,18900,230,0.997517
EC2,18900,240,1.061525
EC2,18900,250,1.126223
EC2,18900,260,1.193139
EC2,18900,270,1.261765
EC2,18900,280,1.332062
EC2,18900,290,1.404821
EC2,18900,300,1.480040
EC2,18900,310,1.555485
EC2,18900,320,1.633652
EC2,18900,330,1.714365
EC2,18900,340,1.796160
EC2,18900,350,1.879118
EC2,18900,360,1.965525
EC2,18900,370,2.051473
EC2,18900,380,2.141021
EC2,18900,390,2.232682
EC2,18900,400,2.325042
EC2,18900,410,2.421625
EC2,18900,420,2.517169
EC2,18900,430,2.615011
EC2,18900,440,2.713666
EC2,18900,450,2.814196
EC2,18900,460,2.916980
EC2,18900,470,3.029554
EC2,18900,480,3.126666
EC2,18900,490,3.233861
EC2,18900,500,3.371533
EC2,18900,510,3.453693
EC2,18900,520,3.566260
EC2,18900,530,3.680347
EC2,18900,540,3.796535
EC2,18900,550,3.912217
EC2,18900,560,4.029748
EC2,18900,570,4.149031
EC2,18900,580,4.270367
EC2,18900,590,4.392876
EC2,18900,600,4.518349
EC2,18900,610,4.640881
EC2,18900,620,4.780555
EC2,18900,630,4.897158
EC2,18900,640,5.025872
EC2,18900,650,5.155746
EC2,18900,660,5.287672
EC2,18900,670,5.422057
EC2,18900,680,5.556537
EC2,18900,690,5.693235
EC2,18900,700,5.831267
EC2,18900,710,5.973393
EC2,18900,720,6.124545
EC2,18900,730,6.258753
EC2,18900,740,6.400077
EC2,18900,750,6.545458
EC2,18900,760,6.692653
EC2,18900,770,6.839636
EC2,18900,780,6.991610
EC2,18900,790,7.142377
EC2,18900,800,7.290335
EC2,18900,810,7.459872
EC2,18900,820,7.597614
EC2,18900,830,7.753676
EC2,18900,840,7.905072
EC2,18900,850,8.063401
EC2,18900,860,8.220573
EC2,18900,870,8.378228
EC2,18900,880,8.547525
EC2,18900,890,8.699360
EC2,18900,900,8.864101
EC2,18900,910,9.025409
EC2,18900,920,9.191425
EC2,18900,930,9.358488
EC2,18900,940,9.526536
EC2,18900,950,9.705671
EC2,18900,960,9.922018
EC2,18900,970,10.035023
EC2,18900,980,10.208469
EC2,18900,990,10.380906
EC2,18900,1000,10.554545
Main,18900,10,0.745266
Main,18900,20,0.765337
Main,18900,30,0.747930
Main,18900,40,0.749287
Main,18900,50,0.749320
Main,18900,60,0.747151
Main,18900,70,0.750110
Main,18900,80,0.753647
Main,18900,90,0.754568
Main,18900,100,0.750360
Main,18900,110,0.751965
Main,18900,120,0.755023
Main,18900,130,0.758895
Main,18900,140,0.757385
Main,18900,150,0.756881
Main,18900,160,0.761024
Main,18900,170,0.759967
Main,18900,180,0.761114
Main,18900,190,0.763683
Main,18900,200,0.761699
Main,18900,210,0.758802
Main,18900,220,0.763199
Main,18900,230,0.761528
Main,18900,240,0.765342
Main,18900,250,0.760846
Main,18900,260,0.764563
Main,18900,270,0.765255
Main,18900,280,0.764442
Main,18900,290,0.764204
Main,18900,300,0.768550
Main,18900,310,0.766920
Main,18900,320,0.769149
Main,18900,330,0.767969
Main,18900,340,0.769397
Main,18900,350,0.769746
Main,18900,360,0.771674
Main,18900,370,0.771303
Main,18900,380,0.769661
Main,18900,390,0.774158
Main,18900,400,0.775204
Main,18900,410,0.773793
Main,18900,420,0.773284
Main,18900,430,0.773200
Main,18900,440,0.771533
Main,18900,450,0.775293
Main,18900,460,0.777312
Main,18900,470,0.779816
Main,18900,480,0.778200
Main,18900,490,0.778143
Main,18900,500,0.776004
Main,18900,510,0.777707
Main,18900,520,0.780241
Main,18900,530,0.776168
Main,18900,540,0.779707
Main,18900,550,0.783383
Main,18900,560,0.779404
Main,18900,570,0.783115
Main,18900,580,0.779860
Main,18900,590,0.786874
Main,18900,600,0.783021
Main,18900,610,0.786311
Main,18900,620,0.781997
Main,18900,630,0.784757
Main,18900,640,0.783533
Main,18900,650,0.779096
Main,18900,660,0.787437
Main,18900,670,0.786922
Main,18900,680,0.788125
Main,18900,690,0.785847
Main,18900,700,0.782651
Main,18900,710,0.785925
Main,18900,720,0.783445
Main,18900,730,0.791359
Main,18900,740,0.784481
Main,18900,750,0.790178
Main,18900,760,0.792636
Main,18900,770,0.791966
Main,18900,780,0.793751
Main,18900,790,0.789370
Main,18900,800,0.792802
Main,18900,810,0.791748
Main,18900,820,0.791620
Main,18900,830,0.792716
Main,18900,840,0.793845
Main,18900,850,0.795171
Main,18900,860,0.793597
Main,18900,870,0.792805
Main,18900,880,0.794931
Main,18900,890,0.794000
Main,18900,900,0.816869
Main,18900,910,0.799078
Main,18900,920,0.792271
Main,18900,930,0.797127
Main,18900,940,0.794409
Main,18900,950,0.801296
Main,18900,960,0.799903
Main,18900,970,0.798837
Main,18900,980,0.796711
Main,18900,990,0.799632
Main,18900,1000,0.798443
EC2,19000,10,0.179532
EC2,19000,20,0.189965
EC2,19000,30,0.204462
EC2,19000,40,0.220855
EC2,19000,50,0.240625
EC2,19000,60,0.263107
EC2,19000,70,0.285154
EC2,19000,80,0.312339
EC2,19000,90,0.342578
EC2,19000,100,0.373931
EC2,19000,110,0.408937
EC2,19000,120,0.445902
EC2,19000,130,0.486165
EC2,19000,140,0.527740
EC2,19000,150,0.572729
EC2,19000,160,0.618875
EC2,19000,170,0.667697
EC2,19000,180,0.719525
EC2,19000,190,0.772854
EC2,19000,200,0.828846
EC2,19000,210,0.886265
EC2,19000,220,0.945566
EC2,19000,230,1.007197
EC2,19000,240,1.070979
EC2,19000,250,1.136012
EC2,19000,260,1.204404
EC2,19000,270,1.274836
EC2,19000,280,1.345733
EC2,19000,290,1.420074
EC2,19000,300,1.495094
EC2,19000,310,1.572310
EC2,19000,320,1.651056
EC2,19000,330,1.731212
EC2,19000,340,1.814473
EC2,19000,350,1.898920
EC2,19000,360,1.984640
EC2,19000,370,2.072098
EC2,19000,380,2.161388
EC2,19000,390,2.267096
EC2,19000,400,2.345120
EC2,19000,410,2.440365
EC2,19000,420,2.536804
EC2,19000,430,2.634878
EC2,19000,440,2.735130
EC2,19000,450,2.836548
EC2,19000,460,2.939516
EC2,19000,470,3.046718
EC2,19000,480,3.153670
EC2,19000,490,3.264608
EC2,19000,500,3.374000
EC2,19000,510,3.485839
EC2,19000,520,3.598790
EC2,19000,530,3.714285
EC2,19000,540,3.830595
EC2,19000,550,3.948593
EC2,19000,560,4.070036
EC2,19000,570,4.201833
EC2,19000,580,4.312606
EC2,19000,590,4.485644
EC2,19000,600,4.563621
EC2,19000,610,4.690860
EC2,19000,620,4.818407
EC2,19000,630,4.947812
EC2,19000,640,5.076673
EC2,19000,650,5.208273
EC2,19000,660,5.343764
EC2,19000,670,5.477630
EC2,19000,680,5.614458
EC2,19000,690,5.753724
EC2,19000,700,5.891739
EC2,19000,710,6.034526
EC2,19000,720,6.172656
EC2,19000,730,6.318049
EC2,19000,740,6.462569
EC2,19000,750,6.607922
EC2,19000,760,6.755269
EC2,19000,770,6.902400
EC2,19000,780,7.051764
EC2,19000,790,7.202078
EC2,19000,800,7.352932
EC2,19000,810,7.505301
EC2,19000,820,7.660480
EC2,19000,830,7.814106
EC2,19000,840,7.968531
EC2,19000,850,8.133864
EC2,19000,860,8.285832
EC2,19000,870,8.444218
EC2,19000,880,8.604938
EC2,19000,890,8.767615
EC2,19000,900,8.931219
EC2,19000,910,9.096202
EC2,19000,920,9.264148
EC2,19000,930,9.430797
EC2,19000,940,9.598971
EC2,19000,950,9.769396
EC2,19000,960,9.939570
EC2,19000,970,10.111072
EC2,19000,980,10.284775
EC2,19000,990,10.484353
EC2,19000,1000,10.633920
Main,19000,10,0.784049
Main,19000,20,0.789693
Main,19000,30,0.789256
Main,19000,40,0.788890
Main,19000,50,0.791222
Main,19000,60,0.791587
Main,19000,70,0.793351
Main,19000,80,0.786771
Main,19000,90,0.795943
Main,19000,100,0.793691
Main,19000,110,0.794734
Main,19000,120,0.793016
Main,19000,130,0.793108
Main,19000,140,0.791932
Main,19000,150,0.790252
Main,19000,160,0.794809
Main,19000,170,0.796532
Main,19000,180,0.798331
Main,19000,190,0.801268
Main,19000,200,0.798957
Main,19000,210,0.800889
Main,19000,220,0.799579
Main,19000,230,0.803354
Main,19000,240,0.803499
Main,19000,250,0.802702
Main,19000,260,0.803656
Main,19000,270,0.806282
Main,19000,280,0.808385
Main,19000,290,0.803985
Main,19000,300,0.805897
Main,19000,310,0.810228
Main,19000,320,0.810639
Main,19000,330,0.808569
Main,19000,340,0.809789
Main,19000,350,0.811017
Main,19000,360,0.812478
Main,19000,370,0.817238
Main,19000,380,0.812953
Main,19000,390,0.813824
Main,19000,400,0.813697
Main,19000,410,0.814623
Main,19000,420,0.814494
Main,19000,430,0.814203
Main,19000,440,0.815304
Main,19000,450,0.813937
Main,19000,460,0.819183
Main,19000,470,0.811410
Main,19000,480,0.817093
Main,19000,490,0.817257
Main,19000,500,0.821251
Main,19000,510,0.819770
Main,19000,520,0.818504
Main,19000,530,0.817367
Main,19000,540,0.823043
Main,19000,550,0.819636
Main,19000,560,0.819811
Main,19000,570,0.820760
Main,19000,580,0.825332
Main,19000,590,0.823398
Main,19000,600,0.820704
Main,19000,610,0.828453
Main,19000,620,0.822851
Main,19000,630,0.824272
Main,19000,640,0.828228
Main,19000,650,0.828184
Main,19000,660,0.848425
Main,19000,670,0.826702
Main,19000,680,0.829638
Main,19000,690,0.826813
Main,19000,700,0.825582
Main,19000,710,0.826939
Main,19000,720,0.833445
Main,19000,730,0.824636
Main,19000,740,0.831617
Main,19000,750,0.830358
Main,19000,760,0.830696
Main,19000,770,0.830630
Main,19000,780,0.834215
Main,19000,790,0.831402
Main,19000,800,0.830929
Main,19000,810,0.831315
Main,19000,820,0.834587
Main,19000,830,0.831964
Main,19000,840,0.834381
Main,19000,850,0.832001
Main,19000,860,0.835268
Main,19000,870,0.835668
Main,19000,880,0.835450
Main,19000,890,0.834777
Main,19000,900,0.836942
Main,19000,910,0.837620
Main,19000,920,0.841919
Main,19000,930,0.834523
Main,19000,940,0.836064
Main,19000,950,0.836567
Main,19000,960,0.838149
Main,19000,970,0.839042
Main,19000,980,0.837737
Main,19000,990,0.844857
Main,19000,1000,0.842789
EC2,19100,10,0.181467
EC2,19100,20,0.192617
EC2,19100,30,0.206281
EC2,19100,40,0.223387
EC2,19100,50,0.243225
EC2,19100,60,0.266060
EC2,19100,70,0.288225
EC2,19100,80,0.315096
EC2,19100,90,0.345100
EC2,19100,100,0.378347
EC2,19100,110,0.413198
EC2,19100,120,0.451028
EC2,19100,130,0.492118
EC2,19100,140,0.533964
EC2,19100,150,0.579560
EC2,19100,160,0.626812
EC2,19100,170,0.675410
EC2,19100,180,0.731019
EC2,19100,190,0.780871
EC2,19100,200,0.836776
EC2,19100,210,0.911592
EC2,19100,220,0.955367
EC2,19100,230,1.018151
EC2,19100,240,1.082481
EC2,19100,250,1.148929
EC2,19100,260,1.215270
EC2,19100,270,1.289457
EC2,19100,280,1.357667
EC2,19100,290,1.431897
EC2,19100,300,1.506592
EC2,19100,310,1.584337
EC2,19100,320,1.665309
EC2,19100,330,1.747705
EC2,19100,340,1.831446
EC2,19100,350,1.916074
EC2,19100,360,2.003333
EC2,19100,370,2.092172
EC2,19100,380,2.180697
EC2,19100,390,2.274696
EC2,19100,400,2.368155
EC2,19100,410,2.463535
EC2,19100,420,2.561806
EC2,19100,430,2.660056
EC2,19100,440,2.760585
EC2,19100,450,2.862831
EC2,19100,460,2.965932
EC2,19100,470,3.070764
EC2,19100,480,3.177436
EC2,19100,490,3.301787
EC2,19100,500,3.396166
EC2,19100,510,3.507683
EC2,19100,520,3.623136
EC2,19100,530,3.737191
EC2,19100,540,3.852836
EC2,19100,550,3.971510
EC2,19100,560,4.091591
EC2,19100,570,4.213093
EC2,19100,580,4.335928
EC2,19100,590,4.459689
EC2,19100,600,4.585528
EC2,19100,610,4.712966
EC2,19100,620,4.841431
EC2,19100,630,4.989697
EC2,19100,640,5.106260
EC2,19100,650,5.291119
EC2,19100,660,5.377687
EC2,19100,670,5.514071
EC2,19100,680,5.651789
EC2,19100,690,5.790913
EC2,19100,700,5.931010
EC2,19100,710,6.073489
EC2,19100,720,6.216123
EC2,19100,730,6.360655
EC2,19100,740,6.515660
EC2,19100,750,6.652815
EC2,19100,760,6.800749
EC2,19100,770,6.950620
EC2,19100,780,7.102654
EC2,19100,790,7.259061
EC2,19100,800,7.411858
EC2,19100,810,7.564507
EC2,19100,820,7.736898
EC2,19100,830,7.882003
EC2,19100,840,8.036208
EC2,19100,850,8.198652
EC2,19100,860,8.355917
EC2,19100,870,8.521541
EC2,19100,880,8.687162
EC2,19100,890,8.867594
EC2,19100,900,9.011848
EC2,19100,910,9.180074
EC2,19100,920,9.346053
EC2,19100,930,9.514128
EC2,19100,940,9.688431
EC2,19100,950,9.866098
EC2,19100,960,10.032470
EC2,19100,970,10.205521
EC2,19100,980,10.379307
EC2,19100,990,10.551915
EC2,19100,1000,10.729850
Main,19100,10,0.789118
Main,19100,20,0.792298
Main,19100,30,0.795049
Main,19100,40,0.789255
Main,19100,50,0.793041
Main,19100,60,0.793052
Main,19100,70,0.794663
Main,19100,80,0.795720
Main,19100,90,0.801063
Main,19100,100,0.804717
Main,19100,110,0.796280
Main,19100,120,0.794217
Main,19100,130,0.797747
Main,19100,140,0.800688
Main,19100,150,0.801707
Main,19100,160,0.802274
Main,19100,170,0.801200
Main,19100,180,0.802461
Main,19100,190,0.803963
Main,19100,200,0.805810
Main,19100,210,0.802339
Main,19100,220,0.805561
Main,19100,230,0.804264
Main,19100,240,0.810549
Main,19100,250,0.805303
Main,19100,260,0.808638
Main,19100,270,0.808029
Main,19100,280,0.807955
Main,19100,290,0.808158
Main,19100,300,0.810657
Main,19100,310,0.809793
Main,19100,320,0.808662
Main,19100,330,0.814723
Main,19100,340,0.812948
Main,19100,350,0.810819
Main,19100,360,0.816503
Main,19100,370,0.814914
Main,19100,380,0.815629
Main,19100,390,0.817638
Main,19100,400,0.817069
Main,19100,410,0.818499
Main,19100,420,0.816616
Main,19100,430,0.817668
Main,19100,440,0.818921
Main,19100,450,0.817542
Main,19100,460,0.824916
Main,19100,470,0.819651
Main,19100,480,0.821086
Main,19100,490,0.820965
Main,19100,500,0.818427
Main,19100,510,0.821278
Main,19100,520,0.823002
Main,19100,530,0.823264
Main,19100,540,0.823185
Main,19100,550,0.822964
Main,19100,560,0.823410
Main,19100,570,0.824439
Main,19100,580,0.824952
Main,19100,590,0.824505
Main,19100,600,0.827912
Main,19100,610,0.826501
Main,19100,620,0.826943
Main,19100,630,0.825249
Main,19100,640,0.827803
Main,19100,650,0.828114
Main,19100,660,0.827923
Main,19100,670,0.831161
Main,19100,680,0.827616
Main,19100,690,0.833659
Main,19100,700,0.833332
Main,19100,710,0.829514
Main,19100,720,0.834596
Main,19100,730,0.829524
Main,19100,740,0.832436
Main,19100,750,0.833977
Main,19100,760,0.837258
Main,19100,770,0.832237
Main,19100,780,0.836675
Main,19100,790,0.836657
Main,19100,800,0.838599
Main,19100,810,0.832598
Main,19100,820,0.839593
Main,19100,830,0.836147
Main,19100,840,0.837862
Main,19100,850,0.838323
Main,19100,860,0.843527
Main,19100,870,0.844547
Main,19100,880,0.842937
Main,19100,890,0.838409
Main,19100,900,0.841498
Main,19100,910,0.842955
Main,19100,920,0.837437
Main,19100,930,0.840196
Main,19100,940,0.843007
Main,19100,950,0.843431
Main,19100,960,0.846005
Main,19100,970,0.846823
Main,19100,980,0.845304
Main,19100,990,0.845357
Main,19100,1000,0.841862
EC2,19200,10,0.183756
EC2,19200,20,0.194192
EC2,19200,30,0.207998
EC2,19200,40,0.224851
EC2,19200,50,0.244788
EC2,19200,60,0.267822
EC2,19200,70,0.289092
EC2,19200,80,0.315947
EC2,19200,90,0.345973
EC2,19200,100,0.377971
EC2,19200,110,0.413354
EC2,19200,120,0.451029
EC2,19200,130,0.491476
EC2,19200,140,0.534272
EC2,19200,150,0.579016
EC2,19200,160,0.625640
EC2,19200,170,0.675148
EC2,19200,180,0.726971
EC2,19200,190,0.779746
EC2,19200,200,0.835912
EC2,19200,210,0.893435
EC2,19200,220,0.953987
EC2,19200,230,1.017115
EC2,19200,240,1.081194
EC2,19200,250,1.147300
EC2,19200,260,1.215615
EC2,19200,270,1.285464
EC2,19200,280,1.358219
EC2,19200,290,1.432386
EC2,19200,300,1.509295
EC2,19200,310,1.586506
EC2,19200,320,1.665177
EC2,19200,330,1.746689
EC2,19200,340,1.830733
EC2,19200,350,1.915412
EC2,19200,360,2.003049
EC2,19200,370,2.093267
EC2,19200,380,2.183777
EC2,19200,390,2.284946
EC2,19200,400,2.370019
EC2,19200,410,2.466611
EC2,19200,420,2.563497
EC2,19200,430,2.662127
EC2,19200,440,2.761738
EC2,19200,450,2.863381
EC2,19200,460,2.966617
EC2,19200,470,3.071846
EC2,19200,480,3.177916
EC2,19200,490,3.286313
EC2,19200,500,3.395812
EC2,19200,510,3.508269
EC2,19200,520,3.621259
EC2,19200,530,3.736164
EC2,19200,540,3.852169
EC2,19200,550,3.972019
EC2,19200,560,4.092059
EC2,19200,570,4.225860
EC2,19200,580,4.334841
EC2,19200,590,4.462368
EC2,19200,600,4.585111
EC2,19200,610,4.711510
EC2,19200,620,4.842334
EC2,19200,630,4.972719
EC2,19200,640,5.104715
EC2,19200,650,5.239597
EC2,19200,660,5.373826
EC2,19200,670,5.509115
EC2,19200,680,5.646903
EC2,19200,690,5.791449
EC2,19200,700,5.965517
EC2,19200,710,6.070362
EC2,19200,720,6.215153
EC2,19200,730,6.356704
EC2,19200,740,6.503460
EC2,19200,750,6.650669
EC2,19200,760,6.800706
EC2,19200,770,6.946408
EC2,19200,780,7.110232
EC2,19200,790,7.252277
EC2,19200,800,7.405355
EC2,19200,810,7.558876
EC2,19200,820,7.716726
EC2,19200,830,7.874674
EC2,19200,840,8.031166
EC2,19200,850,8.189977
EC2,19200,860,8.363167
EC2,19200,870,8.514113
EC2,19200,880,8.681069
EC2,19200,890,8.846059
EC2,19200,900,9.014564
EC2,19200,910,9.180838
EC2,19200,920,9.355540
EC2,19200,930,9.518204
EC2,19200,940,9.690877
EC2,19200,950,9.866196
EC2,19200,960,10.038751
EC2,19200,970,10.214090
EC2,19200,980,10.398604
EC2,19200,990,10.566178
EC2,19200,1000,10.749592
Main,19200,10,0.814120
Main,19200,20,0.819775
Main,19200,30,0.814861
Main,19200,40,0.819205
Main,19200,50,0.816614
Main,19200,60,0.819114
Main,19200,70,0.823940
Main,19200,80,0.823214
Main,19200,90,0.821067
Main,19200,100,0.824719
Main,19200,110,0.831614
Main,19200,120,0.831661
Main,19200,130,0.826737
Main,19200,140,0.831327
Main,19200,150,0.829161
Main,19200,160,0.832384
Main,19200,170,0.830577
Main,19200,180,0.828925
Main,19200,190,0.834906
Main,19200,200,0.835270
Main,19200,210,0.837046
Main,19200,220,0.829330
Main,19200,230,0.830836
Main,19200,240,0.838613
Main,19200,250,0.835584
Main,19200,260,0.834755
Main,19200,270,0.839276
Main,19200,280,0.839058
Main,19200,290,0.836083
Main,19200,300,0.891349
Main,19200,310,0.847944
Main,19200,320,0.843903
Main,19200,330,0.842344
Main,19200,340,0.837031
Main,19200,350,0.844238
Main,19200,360,0.838459
Main,19200,370,0.844954
Main,19200,380,0.843051
Main,19200,390,0.845378
Main,19200,400,0.845229
Main,19200,410,0.849826
Main,19200,420,0.847926
Main,19200,430,0.844388
Main,19200,440,0.853475
Main,19200,450,0.847636
Main,19200,460,0.849034
Main,19200,470,0.851151
Main,19200,480,0.848328
Main,19200,490,0.853192
Main,19200,500,0.852300
Main,19200,510,0.849855
Main,19200,520,0.856416
Main,19200,530,0.858856
Main,19200,540,0.856432
Main,19200,550,0.857875
Main,19200,560,0.855062
Main,19200,570,0.859520
Main,19200,580,0.857646
Main,19200,590,0.856012
Main,19200,600,0.852731
Main,19200,610,0.856276
Main,19200,620,0.856452
Main,19200,630,0.862855
Main,19200,640,0.860570
Main,19200,650,0.859286
Main,19200,660,0.858336
Main,19200,670,0.885035
Main,19200,680,0.858007
Main,19200,690,0.864722
Main,19200,700,0.864853
Main,19200,710,0.863710
Main,19200,720,0.862541
Main,19200,730,0.866244
Main,19200,740,0.863161
Main,19200,750,0.865742
Main,19200,760,0.863347
Main,19200,770,0.867763
Main,19200,780,0.863508
Main,19200,790,0.862391
Main,19200,800,0.867085
Main,19200,810,0.868941
Main,19200,820,0.866400
Main,19200,830,0.868334
Main,19200,840,0.870422
Main,19200,850,0.867936
Main,19200,860,0.871929
Main,19200,870,0.866721
Main,19200,880,0.870743
Main,19200,890,0.870362
Main,19200,900,0.869946
Main,19200,910,0.870854
Main,19200,920,0.873955
Main,19200,930,0.870437
Main,19200,940,0.873189
Main,19200,950,0.877253
Main,19200,960,0.873007
Main,19200,970,0.877657
Main,19200,980,0.879064
Main,19200,990,0.876186
Main,19200,1000,0.876177
EC2,19300,10,0.185192
EC2,19300,20,0.195875
EC2,19300,30,0.210140
EC2,19300,40,0.228403
EC2,19300,50,0.248961
EC2,19300,60,0.272762
EC2,19300,70,0.295156
EC2,19300,80,0.322873
EC2,19300,90,0.353398
EC2,19300,100,0.386449
EC2,19300,110,0.422613
EC2,19300,120,0.460430
EC2,19300,130,0.500219
EC2,19300,140,0.542580
EC2,19300,150,0.588005
EC2,19300,160,0.634251
EC2,19300,170,0.684964
EC2,19300,180,0.736931
EC2,19300,190,0.791487
EC2,19300,200,0.847828
EC2,19300,210,0.907198
EC2,19300,220,0.967336
EC2,19300,230,1.031813
EC2,19300,240,1.095751
EC2,19300,250,1.163002
EC2,19300,260,1.233125
EC2,19300,270,1.304536
EC2,19300,280,1.377467
EC2,19300,290,1.452719
EC2,19300,300,1.529769
EC2,19300,310,1.608690
EC2,19300,320,1.689196
EC2,19300,330,1.773383
EC2,19300,340,1.857606
EC2,19300,350,1.943280
EC2,19300,360,2.032915
EC2,19300,370,2.122839
EC2,19300,380,2.215333
EC2,19300,390,2.308528
EC2,19300,400,2.403497
EC2,19300,410,2.500290
EC2,19300,420,2.599182
EC2,19300,430,2.699572
EC2,19300,440,2.802914
EC2,19300,450,2.906645
EC2,19300,460,3.012601
EC2,19300,470,3.122461
EC2,19300,480,3.227561
EC2,19300,490,3.345069
EC2,19300,500,3.450953
EC2,19300,510,3.561280
EC2,19300,520,3.676100
EC2,19300,530,3.792285
EC2,19300,540,3.910440
EC2,19300,550,4.028369
EC2,19300,560,4.152116
EC2,19300,570,4.272496
EC2,19300,580,4.398545
EC2,19300,590,4.520581
EC2,19300,600,4.651578
EC2,19300,610,4.773512
EC2,19300,620,4.907344
EC2,19300,630,5.047465
EC2,19300,640,5.169039
EC2,19300,650,5.298180
EC2,19300,660,5.433893
EC2,19300,670,5.570297
EC2,19300,680,5.711786
EC2,19300,690,5.851922
EC2,19300,700,5.991987
EC2,19300,710,6.133339
EC2,19300,720,6.279007
EC2,19300,730,6.438975
EC2,19300,740,6.615151
EC2,19300,750,6.723889
EC2,19300,760,6.874091
EC2,19300,770,7.024636
EC2,19300,780,7.177998
EC2,19300,790,7.331124
EC2,19300,800,7.543232
EC2,19300,810,7.643823
EC2,19300,820,7.811369
EC2,19300,830,7.960188
EC2,19300,840,8.121767
EC2,19300,850,8.283176
EC2,19300,860,8.444390
EC2,19300,870,8.607856
EC2,19300,880,8.774930
EC2,19300,890,8.949429
EC2,19300,900,9.108462
EC2,19300,910,9.278109
EC2,19300,920,9.449153
EC2,19300,930,9.621255
EC2,19300,940,9.798658
EC2,19300,950,9.973631
EC2,19300,960,10.144118
EC2,19300,970,10.320226
EC2,19300,980,10.496770
EC2,19300,990,10.677091
EC2,19300,1000,10.862583
Main,19300,10,0.848256
Main,19300,20,0.869991
Main,19300,30,0.848944
Main,19300,40,0.851502
Main,19300,50,0.851643
Main,19300,60,0.850840
Main,19300,70,0.852892
Main,19300,80,0.851685
Main,19300,90,0.853094
Main,19300,100,0.857547
Main,19300,110,0.855917
Main,19300,120,0.856461
Main,19300,130,0.857264
Main,19300,140,0.860109
Main,19300,150,0.862592
Main,19300,160,0.861583
Main,19300,170,0.864542
Main,19300,180,0.864594
Main,19300,190,0.864297
Main,19300,200,0.863427
Main,19300,210,0.863622
Main,19300,220,0.864632
Main,19300,230,0.869090
Main,19300,240,0.868563
Main,19300,250,0.868056
Main,19300,260,0.868573
Main,19300,270,0.871855
Main,19300,280,0.871990
Main,19300,290,0.871061
Main,19300,300,0.872822
Main,19300,310,0.872689
Main,19300,320,0.871347
Main,19300,330,0.875245
Main,19300,340,0.872200
Main,19300,350,0.874121
Main,19300,360,0.875303
Main,19300,370,0.876658
Main,19300,380,0.879009
Main,19300,390,0.874124
Main,19300,400,0.875288
Main,19300,410,0.879679
Main,19300,420,0.880680
Main,19300,430,0.879999
Main,19300,440,0.880224
Main,19300,450,0.882081
Main,19300,460,0.882265
Main,19300,470,0.883900
Main,19300,480,0.914781
Main,19300,490,0.884176
Main,19300,500,0.881685
Main,19300,510,0.885160
Main,19300,520,0.886076
Main,19300,530,0.884432
Main,19300,540,0.883572
Main,19300,550,0.882791
Main,19300,560,0.888493
Main,19300,570,0.887351
Main,19300,580,0.887075
Main,19300,590,0.891489
Main,19300,600,0.890210
Main,19300,610,0.887855
Main,19300,620,0.893411
Main,19300,630,0.889482
Main,19300,640,0.889746
Main,19300,650,0.892602
Main,19300,660,0.892092
Main,19300,670,0.895309
Main,19300,680,0.891324
Main,19300,690,0.893784
Main,19300,700,0.895202
Main,19300,710,0.897585
Main,19300,720,0.897130
Main,19300,730,0.901218
Main,19300,740,0.899183
Main,19300,750,0.901619
Main,19300,760,0.900763
Main,19300,770,0.898324
Main,19300,780,0.900653
Main,19300,790,0.899961
Main,19300,800,0.903305
Main,19300,810,0.900340
Main,19300,820,0.902739
Main,19300,830,0.902368
Main,19300,840,0.902763
Main,19300,850,0.904535
Main,19300,860,0.909115
Main,19300,870,0.903662
Main,19300,880,0.902997
Main,19300,890,0.904145
Main,19300,900,0.908693
Main,19300,910,0.906164
Main,19300,920,0.907437
Main,19300,930,0.906586
Main,19300,940,0.912613
Main,19300,950,0.911253
Main,19300,960,0.907392
Main,19300,970,0.909396
Main,19300,980,0.907728
Main,19300,990,0.910964
Main,19300,1000,0.908975
EC2,19400,10,0.187068
EC2,19400,20,0.198492
EC2,19400,30,0.212254
EC2,19400,40,0.229381
EC2,19400,50,0.250150
EC2,19400,60,0.273065
EC2,19400,70,0.295711
EC2,19400,80,0.323492
EC2,19400,90,0.353608
EC2,19400,100,0.386258
EC2,19400,110,0.421460
EC2,19400,120,0.460034
EC2,19400,130,0.500186
EC2,19400,140,0.542478
EC2,19400,150,0.588327
EC2,19400,160,0.635990
EC2,19400,170,0.685858
EC2,19400,180,0.737164
EC2,19400,190,0.791932
EC2,19400,200,0.849239
EC2,19400,210,0.907387
EC2,19400,220,0.967229
EC2,19400,230,1.030509
EC2,19400,240,1.095501
EC2,19400,250,1.162375
EC2,19400,260,1.231179
EC2,19400,270,1.303001
EC2,19400,280,1.375957
EC2,19400,290,1.451805
EC2,19400,300,1.528531
EC2,19400,310,1.608872
EC2,19400,320,1.689962
EC2,19400,330,1.772655
EC2,19400,340,1.858679
EC2,19400,350,1.945445
EC2,19400,360,2.034071
EC2,19400,370,2.125598
EC2,19400,380,2.216564
EC2,19400,390,2.327525
EC2,19400,400,2.407064
EC2,19400,410,2.505262
EC2,19400,420,2.603121
EC2,19400,430,2.704510
EC2,19400,440,2.806513
EC2,19400,450,2.911228
EC2,19400,460,3.015056
EC2,19400,470,3.123108
EC2,19400,480,3.233195
EC2,19400,490,3.342743
EC2,19400,500,3.456323
EC2,19400,510,3.568023
EC2,19400,520,3.686153
EC2,19400,530,3.803156
EC2,19400,540,3.922736
EC2,19400,550,4.042675
EC2,19400,560,4.164984
EC2,19400,570,4.300519
EC2,19400,580,4.412694
EC2,19400,590,4.538985
EC2,19400,600,4.665421
EC2,19400,610,4.794868
EC2,19400,620,4.927570
EC2,19400,630,5.060753
EC2,19400,640,5.194267
EC2,19400,650,5.328651
EC2,19400,660,5.465100
EC2,19400,670,5.603261
EC2,19400,680,5.741044
EC2,19400,690,5.894384
EC2,19400,700,6.024198
EC2,19400,710,6.169063
EC2,19400,720,6.313669
EC2,19400,730,6.459341
EC2,19400,740,6.606819
EC2,19400,750,6.757183
EC2,19400,760,6.907190
EC2,19400,770,7.061471
EC2,19400,780,7.268780
EC2,19400,790,7.366630
EC2,19400,800,7.522881
EC2,19400,810,7.680852
EC2,19400,820,7.838698
EC2,19400,830,8.000886
EC2,19400,840,8.161354
EC2,19400,850,8.332462
EC2,19400,860,8.487102
EC2,19400,870,8.655164
EC2,19400,880,8.823155
EC2,19400,890,8.995749
EC2,19400,900,9.165395
EC2,19400,910,9.337360
EC2,19400,920,9.516377
EC2,19400,930,9.683219
EC2,19400,940,9.860190
EC2,19400,950,10.037197
EC2,19400,960,10.212636
EC2,19400,970,10.391664
EC2,19400,980,10.580155
EC2,19400,990,10.748841
EC2,19400,1000,10.932229
Main,19400,10,0.840219
Main,19400,20,0.847106
Main,19400,30,0.845156
Main,19400,40,0.849017
Main,19400,50,0.848880
Main,19400,60,0.850124
Main,19400,70,0.850297
Main,19400,80,0.857016
Main,19400,90,0.856887
Main,19400,100,0.852651
Main,19400,110,0.855793
Main,19400,120,0.854161
Main,19400,130,0.854758
Main,19400,140,0.856071
Main,19400,150,0.858190
Main,19400,160,0.858821
Main,19400,170,0.861279
Main,19400,180,0.854818
Main,19400,190,0.859776
Main,19400,200,0.857319
Main,19400,210,0.863953
Main,19400,220,0.866822
Main,19400,230,0.886566
Main,19400,240,0.865158
Main,19400,250,0.866484
Main,19400,260,0.867425
Main,19400,270,0.866877
Main,19400,280,0.865436
Main,19400,290,0.869067
Main,19400,300,0.867563
Main,19400,310,0.872610
Main,19400,320,0.873141
Main,19400,330,0.870218
Main,19400,340,0.873535
Main,19400,350,0.873134
Main,19400,360,0.875723
Main,19400,370,0.874261
Main,19400,380,0.875213
Main,19400,390,0.872205
Main,19400,400,0.876074
Main,19400,410,0.871229
Main,19400,420,0.873453
Main,19400,430,0.872629
Main,19400,440,0.875273
Main,19400,450,0.875187
Main,19400,460,0.878158
Main,19400,470,0.878766
Main,19400,480,0.880304
Main,19400,490,0.879525
Main,19400,500,0.881792
Main,19400,510,0.879479
Main,19400,520,0.883202
Main,19400,530,0.880015
Main,19400,540,0.884199
Main,19400,550,0.881494
Main,19400,560,0.884852
Main,19400,570,0.881790
Main,19400,580,0.882233
Main,19400,590,0.882497
Main,19400,600,0.885090
Main,19400,610,0.886147
Main,19400,620,0.890017
Main,19400,630,0.886461
Main,19400,640,0.889658
Main,19400,650,0.895161
Main,19400,660,0.890596
Main,19400,670,0.889294
Main,19400,680,0.969779
Main,19400,690,0.889585
Main,19400,700,0.892175
Main,19400,710,0.892489
Main,19400,720,0.891552
Main,19400,730,0.891398
Main,19400,740,0.893938
Main,19400,750,0.896055
Main,19400,760,0.894491
Main,19400,770,0.893376
Main,19400,780,0.895587
Main,19400,790,0.896250
Main,19400,800,0.893267
Main,19400,810,0.898735
Main,19400,820,0.896512
Main,19400,830,0.894241
Main,19400,840,0.898277
Main,19400,850,0.899290
Main,19400,860,0.902323
Main,19400,870,0.899611
Main,19400,880,0.898233
Main,19400,890,0.900748
Main,19400,900,0.903044
Main,19400,910,0.905466
Main,19400,920,0.902415
Main,19400,930,0.907393
Main,19400,940,0.905733
Main,19400,950,0.904293
Main,19400,960,0.905163
Main,19400,970,0.905698
Main,19400,980,0.907071
Main,19400,990,0.908900
Main,19400,1000,0.910594
EC2,19500,10,0.188699
EC2,19500,20,0.200358
EC2,19500,30,0.214097
EC2,19500,40,0.231414
EC2,19500,50,0.252423
EC2,19500,60,0.275812
EC2,19500,70,0.298646
EC2,19500,80,0.326779
EC2,19500,90,0.357423
EC2,19500,100,0.391070
EC2,19500,110,0.426974
EC2,19500,120,0.465035
EC2,19500,130,0.506277
EC2,19500,140,0.550519
EC2,19500,150,0.596745
EC2,19500,160,0.644338
EC2,19500,170,0.694919
EC2,19500,180,0.765689
EC2,19500,190,0.801337
EC2,19500,200,0.858607
EC2,19500,210,0.917989
EC2,19500,220,0.979587
EC2,19500,230,1.047025
EC2,19500,240,1.128514
EC2,19500,250,1.176051
EC2,19500,260,1.244758
EC2,19500,270,1.316657
EC2,19500,280,1.389444
EC2,19500,290,1.465606
EC2,19500,300,1.542720
EC2,19500,310,1.623020
EC2,19500,320,1.704816
EC2,19500,330,1.788593
EC2,19500,340,1.873697
EC2,19500,350,1.961041
EC2,19500,360,2.050080
EC2,19500,370,2.141229
EC2,19500,380,2.235156
EC2,19500,390,2.330689
EC2,19500,400,2.426977
EC2,19500,410,2.525506
EC2,19500,420,2.625795
EC2,19500,430,2.727981
EC2,19500,440,2.830606
EC2,19500,450,2.935742
EC2,19500,460,3.042230
EC2,19500,470,3.151543
EC2,19500,480,3.263542
EC2,19500,490,3.383687
EC2,19500,500,3.483065
EC2,19500,510,3.601645
EC2,19500,520,3.715058
EC2,19500,530,3.833895
EC2,19500,540,3.954099
EC2,19500,550,4.072509
EC2,19500,560,4.198463
EC2,19500,570,4.320808
EC2,19500,580,4.445431
EC2,19500,590,4.573597
EC2,19500,600,4.700865
EC2,19500,610,4.830227
EC2,19500,620,4.962375
EC2,19500,630,5.106181
EC2,19500,640,5.227882
EC2,19500,650,5.363801
EC2,19500,660,5.502277
EC2,19500,670,5.641183
EC2,19500,680,5.782787
EC2,19500,690,5.925861
EC2,19500,700,6.072063
EC2,19500,710,6.214970
EC2,19500,720,6.361505
EC2,19500,730,6.524913
EC2,19500,740,6.661319
EC2,19500,750,6.814078
EC2,19500,760,6.967268
EC2,19500,770,7.120294
EC2,19500,780,7.277828
EC2,19500,790,7.439166
EC2,19500,800,7.594469
EC2,19500,810,7.761775
EC2,19500,820,7.950778
EC2,19500,830,8.076229
EC2,19500,840,8.238718
EC2,19500,850,8.403711
EC2,19500,860,8.574441
EC2,19500,870,8.735545
EC2,19500,880,8.902651
EC2,19500,890,9.071098
EC2,19500,900,9.239308
EC2,19500,910,9.409640
EC2,19500,920,9.583632
EC2,19500,930,9.756907
EC2,19500,940,9.931627
EC2,19500,950,10.107757
EC2,19500,960,10.284817
EC2,19500,970,10.463560
EC2,19500,980,10.642884
EC2,19500,990,10.822444
EC2,19500,1000,11.008313
Main,19500,10,0.819827
Main,19500,20,0.829265
Main,19500,30,0.831803
Main,19500,40,0.832195
Main,19500,50,0.830152
Main,19500,60,0.830108
Main,19500,70,0.830167
Main,19500,80,0.829901
Main,19500,90,0.836012
Main,19500,100,0.834332
Main,19500,110,0.833150
Main,19500,120,0.832229
Main,19500,130,0.832739
Main,19500,140,0.839557
Main,19500,150,0.834435
Main,19500,160,0.838413
Main,19500,170,0.839220
Main,19500,180,0.837551
Main,19500,190,0.844659
Main,19500,200,0.840009
Main,19500,210,0.846985
Main,19500,220,0.841025
Main,19500,230,0.848302
Main,19500,240,0.846329
Main,19500,250,0.843938
Main,19500,260,0.843644
Main,19500,270,0.849615
Main,19500,280,0.842938
Main,19500,290,0.844180
Main,19500,300,0.844623
Main,19500,310,0.842112
Main,19500,320,0.846889
Main,19500,330,0.848699
Main,19500,340,0.852507
Main,19500,350,0.853238
Main,19500,360,0.853708
Main,19500,370,0.854696
Main,19500,380,0.852835
Main,19500,390,0.856058
Main,19500,400,0.852975
Main,19500,410,0.853068
Main,19500,420,0.852353
Main,19500,430,0.855810
Main,19500,440,0.856456
Main,19500,450,0.859180
Main,19500,460,0.860421
Main,19500,470,0.859758
Main,19500,480,0.858592
Main,19500,490,0.857961
Main,19500,500,0.858518
Main,19500,510,0.855505
Main,19500,520,0.863022
Main,19500,530,0.862632
Main,19500,540,0.863967
Main,19500,550,0.861806
Main,19500,560,0.861160
Main,19500,570,0.861004
Main,19500,580,0.862611
Main,19500,590,0.868361
Main,19500,600,0.863833
Main,19500,610,0.867325
Main,19500,620,0.864941
Main,19500,630,0.869080
Main,19500,640,0.870100
Main,19500,650,0.869238
Main,19500,660,0.867095
Main,19500,670,0.871166
Main,19500,680,0.867664
Main,19500,690,0.870862
Main,19500,700,0.869628
Main,19500,710,0.868320
Main,19500,720,0.873274
Main,19500,730,0.872732
Main,19500,740,0.870726
Main,19500,750,0.869764
Main,19500,760,0.874440
Main,19500,770,0.873638
Main,19500,780,0.874690
Main,19500,790,0.872349
Main,19500,800,0.871168
Main,19500,810,0.873890
Main,19500,820,0.877791
Main,19500,830,0.889846
Main,19500,840,0.875941
Main,19500,850,0.877026
Main,19500,860,0.877881
Main,19500,870,0.881093
Main,19500,880,0.880807
Main,19500,890,0.878965
Main,19500,900,0.877354
Main,19500,910,0.882881
Main,19500,920,0.881027
Main,19500,930,0.880250
Main,19500,940,0.879109
Main,19500,950,0.883737
Main,19500,960,0.878159
Main,19500,970,0.882599
Main,19500,980,0.879794
Main,19500,990,0.886257
Main,19500,1000,0.882220
EC2,19600,10,0.190799
EC2,19600,20,0.202005
EC2,19600,30,0.216784
EC2,19600,40,0.234170
EC2,19600,50,0.254754
EC2,19600,60,0.278404
EC2,19600,70,0.300993
EC2,19600,80,0.328805
EC2,19600,90,0.359362
EC2,19600,100,0.396843
EC2,19600,110,0.427983
EC2,19600,120,0.466376
EC2,19600,130,0.507246
EC2,19600,140,0.550870
EC2,19600,150,0.596799
EC2,19600,160,0.644598
EC2,19600,170,0.696106
EC2,19600,180,0.749407
EC2,19600,190,0.805909
EC2,19600,200,0.864196
EC2,19600,210,0.925193
EC2,19600,220,0.987258
EC2,19600,230,1.051917
EC2,19600,240,1.118388
EC2,19600,250,1.187044
EC2,19600,260,1.257675
EC2,19600,270,1.330151
EC2,19600,280,1.404635
EC2,19600,290,1.480862
EC2,19600,300,1.559669
EC2,19600,310,1.640453
EC2,19600,320,1.722474
EC2,19600,330,1.806889
EC2,19600,340,1.892258
EC2,19600,350,1.979762
EC2,19600,360,2.068505
EC2,19600,370,2.174676
EC2,19600,380,2.253405
EC2,19600,390,2.348953
EC2,19600,400,2.444975
EC2,19600,410,2.542871
EC2,19600,420,2.642162
EC2,19600,430,2.743014
EC2,19600,440,2.846990
EC2,19600,450,2.952783
EC2,19600,460,3.057529
EC2,19600,470,3.165748
EC2,19600,480,3.276445
EC2,19600,490,3.387826
EC2,19600,500,3.501585
EC2,19600,510,3.615694
EC2,19600,520,3.734611
EC2,19600,530,3.852893
EC2,19600,540,3.972977
EC2,19600,550,4.095025
EC2,19600,560,4.232164
EC2,19600,570,4.343896
EC2,19600,580,4.469537
EC2,19600,590,4.598154
EC2,19600,600,4.727689
EC2,19600,610,4.858895
EC2,19600,620,4.991437
EC2,19600,630,5.125514
EC2,19600,640,5.261822
EC2,19600,650,5.398114
EC2,19600,660,5.536052
EC2,19600,670,5.677163
EC2,19600,680,5.832371
EC2,19600,690,5.962223
EC2,19600,700,6.107387
EC2,19600,710,6.254040
EC2,19600,720,6.400318
EC2,19600,730,6.549431
EC2,19600,740,6.700790
EC2,19600,750,6.852669
EC2,19600,760,7.005576
EC2,19600,770,7.170426
EC2,19600,780,7.315819
EC2,19600,790,7.473034
EC2,19600,800,7.630404
EC2,19600,810,7.787932
EC2,19600,820,7.948611
EC2,19600,830,8.109650
EC2,19600,840,8.286404
EC2,19600,850,8.487311
EC2,19600,860,8.602395
EC2,19600,870,8.771475
EC2,19600,880,8.940882
EC2,19600,890,9.110228
EC2,19600,900,9.280965
EC2,19600,910,9.466155
EC2,19600,920,9.627574
EC2,19600,930,9.801109
EC2,19600,940,9.978346
EC2,19600,950,10.154396
EC2,19600,960,10.333309
EC2,19600,970,10.521728
EC2,19600,980,10.691175
EC2,19600,990,10.871275
EC2,19600,1000,11.060744
Main,19600,10,0.808473
Main,19600,20,0.814467
Main,19600,30,0.813168
Main,19600,40,0.817650
Main,19600,50,0.818753
Main,19600,60,0.819644
Main,19600,70,0.817827
Main,19600,80,0.820562
Main,19600,90,0.819259
Main,19600,100,0.822577
Main,19600,110,0.820109
Main,19600,120,0.822445
Main,19600,130,0.822626
Main,19600,140,0.823748
Main,19600,150,0.821389
Main,19600,160,0.829570
Main,19600,170,0.824760
Main,19600,180,0.827885
Main,19600,190,0.826602
Main,19600,200,0.827567
Main,19600,210,0.828562
Main,19600,220,0.826535
Main,19600,230,0.835166
Main,19600,240,0.823397
Main,19600,250,0.830661
Main,19600,260,0.827222
Main,19600,270,0.827968
Main,19600,280,0.835688
Main,19600,290,0.831281
Main,19600,300,0.836603
Main,19600,310,0.834287
Main,19600,320,0.837294
Main,19600,330,0.833045
Main,19600,340,0.834222
Main,19600,350,0.834691
Main,19600,360,0.830815
Main,19600,370,0.838055
Main,19600,380,0.839647
Main,19600,390,0.838415
Main,19600,400,0.843594
Main,19600,410,0.842156
Main,19600,420,0.842617
Main,19600,430,0.846346
Main,19600,440,0.844164
Main,19600,450,0.840690
Main,19600,460,0.845326
Main,19600,470,0.843949
Main,19600,480,0.845205
Main,19600,490,0.845127
Main,19600,500,0.845701
Main,19600,510,0.849285
Main,19600,520,0.846567
Main,19600,530,0.845479
Main,19600,540,0.845696
Main,19600,550,0.849081
Main,19600,560,0.847634
Main,19600,570,0.849691
Main,19600,580,0.854743
Main,19600,590,0.851327
Main,19600,600,0.852898
Main,19600,610,0.852316
Main,19600,620,0.852730
Main,19600,630,0.854842
Main,19600,640,0.854894
Main,19600,650,0.854810
Main,19600,660,0.852206
Main,19600,670,0.858288
Main,19600,680,0.855186
Main,19600,690,0.849385
Main,19600,700,0.858096
Main,19600,710,0.855994
Main,19600,720,0.853133
Main,19600,730,0.858683
Main,19600,740,0.855928
Main,19600,750,0.853109
Main,19600,760,0.859470
Main,19600,770,0.859873
Main,19600,780,0.854366
Main,19600,790,0.858002
Main,19600,800,0.859023
Main,19600,810,0.860427
Main,19600,820,0.859910
Main,19600,830,0.860229
Main,19600,840,0.859241
Main,19600,850,0.858629
Main,19600,860,0.864528
Main,19600,870,0.858131
Main,19600,880,0.860872
Main,19600,890,0.866686
Main,19600,900,0.863336
Main,19600,910,0.865700
Main,19600,920,0.863639
Main,19600,930,0.862439
Main,19600,940,0.867889
Main,19600,950,0.860996
Main,19600,960,0.868370
Main,19600,970,0.866356
Main,19600,980,0.865769
Main,19600,990,0.865641
Main,19600,1000,0.956223
EC2,19700,10,0.193141
EC2,19700,20,0.204594
EC2,19700,30,0.218413
EC2,19700,40,0.236102
EC2,19700,50,0.257524
EC2,19700,60,0.280793
EC2,19700,70,0.302811
EC2,19700,80,0.331401
EC2,19700,90,0.361609
EC2,19700,100,0.394439
EC2,19700,110,0.430505
EC2,19700,120,0.469128
EC2,19700,130,0.511201
EC2,19700,140,0.554325
EC2,19700,150,0.599883
EC2,19700,160,0.649607
EC2,19700,170,0.699421
EC2,19700,180,0.752075
EC2,19700,190,0.807899
EC2,19700,200,0.865941
EC2,19700,210,0.925816
EC2,19700,220,0.986699
EC2,19700,230,1.050826
EC2,19700,240,1.117114
EC2,19700,250,1.184803
EC2,19700,260,1.254984
EC2,19700,270,1.327990
EC2,19700,280,1.403303
EC2,19700,290,1.480797
EC2,19700,300,1.560050
EC2,19700,310,1.641390
EC2,19700,320,1.725272
EC2,19700,330,1.809914
EC2,19700,340,1.896310
EC2,19700,350,1.985206
EC2,19700,360,2.076231
EC2,19700,370,2.168555
EC2,19700,380,2.263091
EC2,19700,390,2.358510
EC2,19700,400,2.455286
EC2,19700,410,2.552912
EC2,19700,420,2.655002
EC2,19700,430,2.756559
EC2,19700,440,2.862633
EC2,19700,450,2.980078
EC2,19700,460,3.077304
EC2,19700,470,3.192114
EC2,19700,480,3.299856
EC2,19700,490,3.413763
EC2,19700,500,3.531370
EC2,19700,510,3.643409
EC2,19700,520,3.762777
EC2,19700,530,3.885916
EC2,19700,540,4.004377
EC2,19700,550,4.130936
EC2,19700,560,4.253310
EC2,19700,570,4.378779
EC2,19700,580,4.506658
EC2,19700,590,4.636404
EC2,19700,600,4.775613
EC2,19700,610,4.896627
EC2,19700,620,5.030046
EC2,19700,630,5.165478
EC2,19700,640,5.302964
EC2,19700,650,5.440299
EC2,19700,660,5.580956
EC2,19700,670,5.723116
EC2,19700,680,5.867011
EC2,19700,690,6.011506
EC2,19700,700,6.157436
EC2,19700,710,6.314988
EC2,19700,720,6.452678
EC2,19700,730,6.602754
EC2,19700,740,6.754410
EC2,19700,750,6.907311
EC2,19700,760,7.060691
EC2,19700,770,7.215336
EC2,19700,780,7.371731
EC2,19700,790,7.570413
EC2,19700,800,7.688307
EC2,19700,810,7.848866
EC2,19700,820,8.010785
EC2,19700,830,8.173214
EC2,19700,840,8.339949
EC2,19700,850,8.506079
EC2,19700,860,8.673660
EC2,19700,870,8.885680
EC2,19700,880,9.012314
EC2,19700,890,9.188151
EC2,19700,900,9.375828
EC2,19700,910,9.536864
EC2,19700,920,9.706703
EC2,19700,930,9.897041
EC2,19700,940,10.061067
EC2,19700,950,10.239310
EC2,19700,960,10.418447
EC2,19700,970,10.597768
EC2,19700,980,10.780716
EC2,19700,990,10.974811
EC2,19700,1000,11.149744
Main,19700,10,0.871124
Main,19700,20,0.876175
Main,19700,30,0.879958
Main,19700,40,0.878561
Main,19700,50,0.881974
Main,19700,60,0.878648
Main,19700,70,0.880623
Main,19700,80,0.882212
Main,19700,90,0.885605
Main,19700,100,0.886958
Main,19700,110,0.886153
Main,19700,120,0.884966
Main,19700,130,0.887174
Main,19700,140,0.887402
Main,19700,150,0.891184
Main,19700,160,0.891395
Main,19700,170,0.892193
Main,19700,180,0.892566
Main,19700,190,0.893327
Main,19700,200,0.896558
Main,19700,210,0.893615
Main,19700,220,0.896909
Main,19700,230,0.893466
Main,19700,240,0.892385
Main,19700,250,0.894319
Main,19700,260,0.898905
Main,19700,270,0.913360
Main,19700,280,0.901754
Main,19700,290,0.898340
Main,19700,300,0.897752
Main,19700,310,0.898605
Main,19700,320,0.904494
Main,19700,330,0.900975
Main,19700,340,0.900328
Main,19700,350,0.900002
Main,19700,360,0.902883
Main,19700,370,0.902816
Main,19700,380,0.904735
Main,19700,390,0.901260
Main,19700,400,0.906428
Main,19700,410,0.903007
Main,19700,420,0.906074
Main,19700,430,0.903784
Main,19700,440,0.906429
Main,19700,450,0.908012
Main,19700,460,0.908496
Main,19700,470,0.907449
Main,19700,480,0.907324
Main,19700,490,0.905035
Main,19700,500,0.910535
Main,19700,510,0.914729
Main,19700,520,0.909189
Main,19700,530,0.906255
Main,19700,540,0.911334
Main,19700,550,0.911643
Main,19700,560,0.914320
Main,19700,570,0.915634
Main,19700,580,0.913337
Main,19700,590,0.912103
Main,19700,600,0.917367
Main,19700,610,0.918128
Main,19700,620,0.917824
Main,19700,630,0.918165
Main,19700,640,0.918995
Main,19700,650,0.918208
Main,19700,660,0.922153
Main,19700,670,0.919744
Main,19700,680,0.916689
Main,19700,690,0.922821
Main,19700,700,0.918465
Main,19700,710,0.926068
Main,19700,720,0.923272
Main,19700,730,0.921927
Main,19700,740,0.924934
Main,19700,750,0.922812
Main,19700,760,0.923164
Main,19700,770,0.919011
Main,19700,780,0.922537
Main,19700,790,0.924881
Main,19700,800,0.928258
Main,19700,810,0.923953
Main,19700,820,0.929137
Main,19700,830,0.929717
Main,19700,840,0.932625
Main,19700,850,0.930749
Main,19700,860,0.930069
Main,19700,870,0.930191
Main,19700,880,0.926107
Main,19700,890,0.927104
Main,19700,900,0.930622
Main,19700,910,0.934175
Main,19700,920,0.933589
Main,19700,930,0.934623
Main,19700,940,0.934701
Main,19700,950,0.937549
Main,19700,960,0.932357
Main,19700,970,0.936858
Main,19700,980,0.934639
Main,19700,990,0.937231
Main,19700,1000,0.940632
EC2,19800,10,0.194673
EC2,19800,20,0.205964
EC2,19800,30,0.220539
EC2,19800,40,0.237439
EC2,19800,50,0.258736
EC2,19800,60,0.282895
EC2,19800,70,0.305623
EC2,19800,80,0.334573
EC2,19800,90,0.366459
EC2,19800,100,0.400351
EC2,19800,110,0.437450
EC2,19800,120,0.478316
EC2,19800,130,0.519804
EC2,19800,140,0.563242
EC2,19800,150,0.611250
EC2,19800,160,0.659996
EC2,19800,170,0.711669
EC2,19800,180,0.764957
EC2,19800,190,0.821393
EC2,19800,200,0.880066
EC2,19800,210,0.957737
EC2,19800,220,1.098003
EC2,19800,230,1.077050
EC2,19800,240,1.134817
EC2,19800,250,1.204861
EC2,19800,260,1.276356
EC2,19800,270,1.349136
EC2,19800,280,1.424220
EC2,19800,290,1.500039
EC2,19800,300,1.579033
EC2,19800,310,1.661553
EC2,19800,320,1.744094
EC2,19800,330,1.830678
EC2,19800,340,1.917744
EC2,19800,350,2.008328
EC2,19800,360,2.099770
EC2,19800,370,2.191128
EC2,19800,380,2.285659
EC2,19800,390,2.381446
EC2,19800,400,2.479778
EC2,19800,410,2.579473
EC2,19800,420,2.682540
EC2,19800,430,2.786506
EC2,19800,440,2.891729
EC2,19800,450,2.998102
EC2,19800,460,3.107722
EC2,19800,470,3.217171
EC2,19800,480,3.329869
EC2,19800,490,3.458141
EC2,19800,500,3.561243
EC2,19800,510,3.678399
EC2,19800,520,3.797188
EC2,19800,530,3.916142
EC2,19800,540,4.038254
EC2,19800,550,4.160615
EC2,19800,560,4.286092
EC2,19800,570,4.412702
EC2,19800,580,4.540049
EC2,19800,590,4.669631
EC2,19800,600,4.799260
EC2,19800,610,4.933595
EC2,19800,620,5.068086
EC2,19800,630,5.213846
EC2,19800,640,5.343650
EC2,19800,650,5.481471
EC2,19800,660,5.623236
EC2,19800,670,5.765675
EC2,19800,680,5.909785
EC2,19800,690,6.053979
EC2,19800,700,6.199245
EC2,19800,710,6.347170
EC2,19800,720,6.494751
EC2,19800,730,6.652690
EC2,19800,740,6.798506
EC2,19800,750,6.952397
EC2,19800,760,7.105646
EC2,19800,770,7.262988
EC2,19800,780,7.420396
EC2,19800,790,7.577168
EC2,19800,800,7.736373
EC2,19800,810,7.937722
EC2,19800,820,8.061505
EC2,19800,830,8.226356
EC2,19800,840,8.392696
EC2,19800,850,8.561573
EC2,19800,860,8.729864
EC2,19800,870,8.899585
EC2,19800,880,9.121310
EC2,19800,890,9.246726
EC2,19800,900,9.419493
EC2,19800,910,9.593467
EC2,19800,920,9.771243
EC2,19800,930,9.948017
EC2,19800,940,10.133645
EC2,19800,950,10.306485
EC2,19800,960,10.487487
EC2,19800,970,10.670324
EC2,19800,980,10.851512
EC2,19800,990,11.035275
EC2,19800,1000,11.227466
Main,19800,10,0.886521
Main,19800,20,0.888269
Main,19800,30,0.889307
Main,19800,40,0.889777
Main,19800,50,0.893701
Main,19800,60,0.897948
Main,19800,70,0.892274
Main,19800,80,0.893238
Main,19800,90,0.893200
Main,19800,100,0.897452
Main,19800,110,0.897136
Main,19800,120,0.896877
Main,19800,130,0.897960
Main,19800,140,0.902592
Main,19800,150,0.897184
Main,19800,160,0.897600
Main,19800,170,0.900934
Main,19800,180,0.896488
Main,19800,190,0.902105
Main,19800,200,0.901101
Main,19800,210,0.904473
Main,19800,220,0.903899
Main,19800,230,0.904103
Main,19800,240,0.906436
Main,19800,250,0.905901
Main,19800,260,0.906368
Main,19800,270,0.907749
Main,19800,280,0.905492
Main,19800,290,0.908102
Main,19800,300,0.908058
Main,19800,310,0.911692
Main,19800,320,0.908259
Main,19800,330,0.913718
Main,19800,340,0.931812
Main,19800,350,0.910098
Main,19800,360,0.905748
Main,19800,370,0.911602
Main,19800,380,0.912924
Main,19800,390,0.916129
Main,19800,400,0.912729
Main,19800,410,0.914177
Main,19800,420,0.916462
Main,19800,430,0.917533
Main,19800,440,0.916481
Main,19800,450,0.916542
Main,19800,460,0.913979
Main,19800,470,0.920122
Main,19800,480,0.918623
Main,19800,490,0.919310
Main,19800,500,0.919133
Main,19800,510,0.921521
Main,19800,520,0.918367
Main,19800,530,0.920139
Main,19800,540,0.919961
Main,19800,550,0.923607
Main,19800,560,0.924643
Main,19800,570,0.924239
Main,19800,580,0.927798
Main,19800,590,0.925874
Main,19800,600,0.925522
Main,19800,610,0.929703
Main,19800,620,0.926270
Main,19800,630,0.928002
Main,19800,640,0.928701
Main,19800,650,0.933313
Main,19800,660,0.929394
Main,19800,670,0.931254
Main,19800,680,0.932384
Main,19800,690,0.934920
Main,19800,700,0.933329
Main,19800,710,0.934893
Main,19800,720,0.934166
Main,19800,730,0.935627
Main,19800,740,0.935921
Main,19800,750,0.935573
Main,19800,760,0.939014
Main,19800,770,0.935259
Main,19800,780,0.938332
Main,19800,790,0.937369
Main,19800,800,0.934059
Main,19800,810,0.939815
Main,19800,820,0.937760
Main,19800,830,0.936767
Main,19800,840,0.943997
Main,19800,850,0.944801
Main,19800,860,0.943881
Main,19800,870,0.945258
Main,19800,880,0.944594
Main,19800,890,0.945792
Main,19800,900,0.944674
Main,19800,910,0.947319
Main,19800,920,0.946122
Main,19800,930,0.945978
Main,19800,940,0.947267
Main,19800,950,0.945361
Main,19800,960,0.950653
Main,19800,970,0.940510
Main,19800,980,0.949211
Main,19800,990,0.945437
Main,19800,1000,0.951541
EC2,19900,10,0.196509
EC2,19900,20,0.208306
EC2,19900,30,0.222526
EC2,19900,40,0.240233
EC2,19900,50,0.261815
EC2,19900,60,0.285872
EC2,19900,70,0.309614
EC2,19900,80,0.338310
EC2,19900,90,0.370016
EC2,19900,100,0.404070
EC2,19900,110,0.440851
EC2,19900,120,0.480081
EC2,19900,130,0.522720
EC2,19900,140,0.567129
EC2,19900,150,0.614598
EC2,19900,160,0.663690
EC2,19900,170,0.715577
EC2,19900,180,0.769635
EC2,19900,190,0.825634
EC2,19900,200,0.884074
EC2,19900,210,0.944307
EC2,19900,220,1.006624
EC2,19900,230,1.071391
EC2,19900,240,1.137653
EC2,19900,250,1.207267
EC2,19900,260,1.279490
EC2,19900,270,1.410586
EC2,19900,280,1.433464
EC2,19900,290,1.505064
EC2,19900,300,1.585340
EC2,19900,310,1.666646
EC2,19900,320,1.749975
EC2,19900,330,1.838114
EC2,19900,340,1.925022
EC2,19900,350,2.013339
EC2,19900,360,2.105296
EC2,19900,370,2.196201
EC2,19900,380,2.291288
EC2,19900,390,2.390229
EC2,19900,400,2.488645
EC2,19900,410,2.589483
EC2,19900,420,2.692082
EC2,19900,430,2.796536
EC2,19900,440,2.901004
EC2,19900,450,3.008686
EC2,19900,460,3.117196
EC2,19900,470,3.227207
EC2,19900,480,3.340618
EC2,19900,490,3.455604
EC2,19900,500,3.570795
EC2,19900,510,3.697254
EC2,19900,520,3.805194
EC2,19900,530,3.925292
EC2,19900,540,4.047956
EC2,19900,550,4.171452
EC2,19900,560,4.297511
EC2,19900,570,4.424703
EC2,19900,580,4.554828
EC2,19900,590,4.686524
EC2,19900,600,4.817723
EC2,19900,610,4.952072
EC2,19900,620,5.089381
EC2,19900,630,5.227974
EC2,19900,640,5.398384
EC2,19900,650,5.507000
EC2,19900,660,5.649255
EC2,19900,670,5.791583
EC2,19900,680,5.935080
EC2,19900,690,6.080520
EC2,19900,700,6.227257
EC2,19900,710,6.377582
EC2,19900,720,6.527538
EC2,19900,730,6.678205
EC2,19900,740,6.836181
EC2,19900,750,7.032927
EC2,19900,760,7.138818
EC2,19900,770,7.299727
EC2,19900,780,7.458542
EC2,19900,790,7.619755
EC2,19900,800,7.775251
EC2,19900,810,7.939305
EC2,19900,820,8.113356
EC2,19900,830,8.267479
EC2,19900,840,8.433742
EC2,19900,850,8.606638
EC2,19900,860,8.770613
EC2,19900,870,8.941863
EC2,19900,880,9.167044
EC2,19900,890,9.292873
EC2,19900,900,9.464164
EC2,19900,910,9.640535
EC2,19900,920,9.819714
EC2,19900,930,9.997096
EC2,19900,940,10.177831
EC2,19900,950,10.365919
EC2,19900,960,10.542203
EC2,19900,970,10.726413
EC2,19900,980,10.911717
EC2,19900,990,11.097365
EC2,19900,1000,11.287952
Main,19900,10,0.887670
Main,19900,20,0.895507
Main,19900,30,0.895902
Main,19900,40,0.898262
Main,19900,50,0.898056
Main,19900,60,0.899983
Main,19900,70,0.900262
Main,19900,80,0.902499
Main,19900,90,0.899997
Main,19900,100,0.900953
Main,19900,110,0.902082
Main,19900,120,0.903980
Main,19900,130,0.905836
Main,19900,140,0.906555
Main,19900,150,0.901093
Main,19900,160,0.909833
Main,19900,170,0.909239
Main,19900,180,0.912956
Main,19900,190,0.910073
Main,19900,200,0.906600
Main,19900,210,0.914578
Main,19900,220,0.912723
Main,19900,230,0.911023
Main,19900,240,1.196032
Main,19900,250,0.908713
Main,19900,260,0.911900
Main,19900,270,0.916424
Main,19900,280,0.914303
Main,19900,290,0.918449
Main,19900,300,0.915221
Main,19900,310,0.915892
Main,19900,320,0.919979
Main,19900,330,0.919091
Main,19900,340,0.921003
Main,19900,350,0.919224
Main,19900,360,0.923321
Main,19900,370,0.920695
Main,19900,380,0.929653
Main,19900,390,0.920853
Main,19900,400,0.923215
Main,19900,410,0.922566
Main,19900,420,0.925951
Main,19900,430,0.920823
Main,19900,440,0.925648
Main,19900,450,0.922538
Main,19900,460,0.929263
Main,19900,470,0.926609
Main,19900,480,0.926167
Main,19900,490,0.926880
Main,19900,500,0.929605
Main,19900,510,0.927335
Main,19900,520,0.928126
Main,19900,530,0.928306
Main,19900,540,0.929488
Main,19900,550,0.927605
Main,19900,560,0.930132
Main,19900,570,0.929945
Main,19900,580,0.932598
Main,19900,590,0.932227
Main,19900,600,0.935725
Main,19900,610,0.938580
Main,19900,620,0.933664
Main,19900,630,0.935604
Main,19900,640,0.937725
Main,19900,650,0.937501
Main,19900,660,0.936263
Main,19900,670,0.936721
Main,19900,680,0.932710
Main,19900,690,0.939758
Main,19900,700,0.939587
Main,19900,710,0.938934
Main,19900,720,0.938598
Main,19900,730,0.941054
Main,19900,740,0.944460
Main,19900,750,0.943841
Main,19900,760,0.938429
Main,19900,770,0.950319
Main,19900,780,0.948029
Main,19900,790,0.947297
Main,19900,800,0.944475
Main,19900,810,0.943707
Main,19900,820,0.947337
Main,19900,830,0.953104
Main,19900,840,0.951276
Main,19900,850,0.948748
Main,19900,860,0.948244
Main,19900,870,0.949679
Main,19900,880,0.947704
Main,19900,890,0.950342
Main,19900,900,0.951990
Main,19900,910,0.954207
Main,19900,920,0.953429
Main,19900,930,0.951027
Main,19900,940,0.954030
Main,19900,950,0.953670
Main,19900,960,0.953613
Main,19900,970,0.953137
Main,19900,980,0.955201
Main,19900,990,0.956580
Main,19900,1000,0.959515
EC2,20000,10,0.198558
EC2,20000,20,0.209680
EC2,20000,30,0.224030
EC2,20000,40,0.241984
EC2,20000,50,0.263059
EC2,20000,60,0.287458
EC2,20000,70,0.310634
EC2,20000,80,0.339335
EC2,20000,90,0.370721
EC2,20000,100,0.404654
EC2,20000,110,0.441440
EC2,20000,120,0.481278
EC2,20000,130,0.523528
EC2,20000,140,0.568081
EC2,20000,150,0.618717
EC2,20000,160,0.663950
EC2,20000,170,0.716531
EC2,20000,180,0.770156
EC2,20000,190,0.827032
EC2,20000,200,0.886557
EC2,20000,210,0.947659
EC2,20000,220,1.011351
EC2,20000,230,1.077556
EC2,20000,240,1.145053
EC2,20000,250,1.216381
EC2,20000,260,1.288171
EC2,20000,270,1.362359
EC2,20000,280,1.439442
EC2,20000,290,1.518655
EC2,20000,300,1.663527
EC2,20000,310,1.680736
EC2,20000,320,1.766980
EC2,20000,330,1.853731
EC2,20000,340,1.942792
EC2,20000,350,2.033919
EC2,20000,360,2.125953
EC2,20000,370,2.219391
EC2,20000,380,2.315332
EC2,20000,390,2.413945
EC2,20000,400,2.512655
EC2,20000,410,2.614299
EC2,20000,420,2.716421
EC2,20000,430,2.820555
EC2,20000,440,2.925241
EC2,20000,450,3.033717
EC2,20000,460,3.144685
EC2,20000,470,3.256487
EC2,20000,480,3.368525
EC2,20000,490,3.485637
EC2,20000,500,3.600245
EC2,20000,510,3.720290
EC2,20000,520,3.851386
EC2,20000,530,3.960514
EC2,20000,540,4.082137
EC2,20000,550,4.205891
EC2,20000,560,4.331908
EC2,20000,570,4.459722
EC2,20000,580,4.590264
EC2,20000,590,4.720925
EC2,20000,600,4.854167
EC2,20000,610,4.988791
EC2,20000,620,5.125183
EC2,20000,630,5.264493
EC2,20000,640,5.403139
EC2,20000,650,5.551835
EC2,20000,660,5.687068
EC2,20000,670,5.829425
EC2,20000,680,5.974871
EC2,20000,690,6.121260
EC2,20000,700,6.268421
EC2,20000,710,6.417972
EC2,20000,720,6.570055
EC2,20000,730,6.722247
EC2,20000,740,6.885249
EC2,20000,750,7.028108
EC2,20000,760,7.182023
EC2,20000,770,7.343391
EC2,20000,780,7.497229
EC2,20000,790,7.659248
EC2,20000,800,7.819034
EC2,20000,810,7.985758
EC2,20000,820,8.156165
EC2,20000,830,8.316566
EC2,20000,840,8.485974
EC2,20000,850,8.655038
EC2,20000,860,8.824275
EC2,20000,870,9.106161
EC2,20000,880,9.168251
EC2,20000,890,9.395434
EC2,20000,900,9.522335
EC2,20000,910,9.698677
EC2,20000,920,9.883147
EC2,20000,930,10.063574
EC2,20000,940,10.240553
EC2,20000,950,10.432616
EC2,20000,960,10.606123
EC2,20000,970,10.795434
EC2,20000,980,10.986759
EC2,20000,990,11.168681
EC2,20000,1000,11.369471
Main,20000,10,0.893739
Main,20000,20,0.898755
Main,20000,30,0.896320
Main,20000,40,0.896658
Main,20000,50,0.901348
Main,20000,60,0.898857
Main,20000,70,0.902858
Main,20000,80,0.903536
Main,20000,90,0.900473
Main,20000,100,0.904527
Main,20000,110,0.904460
Main,20000,120,0.899384
Main,20000,130,0.904248
Main,20000,140,0.906897
Main,20000,150,0.907192
Main,20000,160,0.902538
Main,20000,170,0.904537
Main,20000,180,0.909867
Main,20000,190,0.907995
Main,20000,200,0.910128
Main,20000,210,0.912909
Main,20000,220,0.913461
Main,20000,230,0.912707
Main,20000,240,0.917322
Main,20000,250,0.917583
Main,20000,260,0.915040
Main,20000,270,0.917195
Main,20000,280,0.914941
Main,20000,290,0.920991
Main,20000,300,0.916242
Main,20000,310,0.919001
Main,20000,320,0.920478
Main,20000,330,0.920054
Main,20000,340,0.916276
Main,20000,350,0.920684
Main,20000,360,0.928164
Main,20000,370,0.925214
Main,20000,380,0.921205
Main,20000,390,0.925235
Main,20000,400,0.943188
Main,20000,410,0.924694
Main,20000,420,0.926763
Main,20000,430,0.924158
Main,20000,440,0.931514
Main,20000,450,0.932543
Main,20000,460,0.931018
Main,20000,470,0.928469
Main,20000,480,0.929368
Main,20000,490,0.930722
Main,20000,500,0.930759
Main,20000,510,0.934425
Main,20000,520,0.933722
Main,20000,530,0.934308
Main,20000,540,0.935489
Main,20000,550,0.936761
Main,20000,560,0.934873
Main,20000,570,0.938588
Main,20000,580,0.936147
Main,20000,590,0.940656
Main,20000,600,0.937661
Main,20000,610,0.938890
Main,20000,620,0.940285
Main,20000,630,0.936943
Main,20000,640,0.939417
Main,20000,650,0.940882
Main,20000,660,0.939923
Main,20000,670,0.940569
Main,20000,680,0.941939
Main,20000,690,0.946765
Main,20000,700,0.940767
Main,20000,710,0.942725
Main,20000,720,0.939004
Main,20000,730,0.941462
Main,20000,740,0.944990
Main,20000,750,0.946134
Main,20000,760,0.947217
Main,20000,770,0.946942
Main,20000,780,0.947321
Main,20000,790,0.949291
Main,20000,800,0.950187
Main,20000,810,0.950544
Main,20000,820,0.950773
Main,20000,830,0.951024
Main,20000,840,0.950209
Main,20000,850,0.950345
Main,20000,860,0.949074
Main,20000,870,0.956664
Main,20000,880,0.954637
Main,20000,890,0.955766
Main,20000,900,0.957886
Main,20000,910,0.954933
Main,20000,920,0.957773
Main,20000,930,0.958716
Main,20000,940,0.960706
Main,20000,950,0.957893
Main,20000,960,0.960320
Main,20000,970,0.958414
Main,20000,980,0.958762
Main,20000,990,0.960705
Main,20000,1000,0.961145
